dispatch_id,order_id,courier,staging_location,dispatch_status,tracking_number,handoff_time
DISP0001,ORD0141,Delhivery,A-01,Staged,,
DISP0002,ORD0142,Delhivery,A-02,Staged,,
DISP0003,ORD0143,Blue Dart,A-03,Staged,,
DISP0004,ORD0144,Delhivery,A-04,Staged,,
DISP0005,ORD0145,DTDC,A-05,Staged,,
DISP0006,ORD0146,DTDC,A-06,Staged,,
DISP0007,ORD0147,Ecom Express,A-07,Staged,,
DISP0008,ORD0148,Delhivery,A-08,Staged,,
DISP0009,ORD0149,Ecom Express,B-01,Ready for Pickup,,
DISP0010,ORD0150,DTDC,B-02,Ready for Pickup,,
DISP0011,ORD0151,Delhivery,B-03,Ready for Pickup,,
DISP0012,ORD0152,Delhivery,B-04,Ready for Pickup,,
DISP0013,ORD0153,Ecom Express,B-05,Ready for Pickup,,
DISP0014,ORD0154,DTDC,B-06,Ready for Pickup,,
DISP0015,ORD0155,Delhivery,B-07,Ready for Pickup,,
DISP0016,ORD0156,Ecom Express,B-08,Ready for Pickup,,
DISP0017,ORD0166,Ecom Express,A-06,Handed to Courier,AWB202610000166,2026-10-09 13:00:00
DISP0018,ORD0167,Blue Dart,A-07,Handed to Courier,AWB202610000167,2026-10-09 15:00:00
DISP0019,ORD0168,Ecom Express,A-08,Handed to Courier,AWB202610000168,2026-10-09 17:00:00
DISP0020,ORD0169,Blue Dart,B-01,Handed to Courier,AWB202610000169,2026-10-09 19:00:00
DISP0021,ORD0170,Ecom Express,B-02,Handed to Courier,AWB202610000170,2026-10-09 21:00:00
DISP0022,ORD0171,DTDC,B-03,Handed to Courier,AWB202610000171,2026-10-09 23:00:00
DISP0023,ORD0172,Blue Dart,B-04,Handed to Courier,AWB202610000172,2026-10-10 01:00:00
DISP0024,ORD0173,DTDC,B-05,Handed to Courier,AWB202610000173,2026-10-10 03:00:00
DISP0025,ORD0174,Blue Dart,B-06,Handed to Courier,AWB202610000174,2026-10-10 05:00:00
DISP0026,ORD0175,DTDC,B-07,Handed to Courier,AWB202610000175,2026-10-10 07:00:00
DISP0027,ORD0176,DTDC,B-08,Shipped,AWB202610000176,2026-10-10 09:00:00
DISP0028,ORD0177,Blue Dart,A-01,Shipped,AWB202610000177,2026-10-10 11:00:00
DISP0029,ORD0178,Blue Dart,A-02,Shipped,AWB202610000178,2026-10-10 13:00:00
DISP0030,ORD0179,Blue Dart,A-03,Shipped,AWB202610000179,2026-10-10 15:00:00
DISP0031,ORD0180,Delhivery,A-04,Shipped,AWB202610000180,2026-10-10 17:00:00
DISP0032,ORD0181,Ecom Express,A-05,Shipped,AWB202610000181,2026-10-10 19:00:00
DISP0033,ORD0182,Delhivery,A-06,Shipped,AWB202610000182,2026-10-10 21:00:00
DISP0034,ORD0183,Delhivery,A-07,Shipped,AWB202610000183,2026-10-10 23:00:00
DISP0035,ORD0184,DTDC,A-08,Shipped,AWB202610000184,2026-10-11 01:00:00
DISP0036,ORD0185,Blue Dart,B-01,Shipped,AWB202610000185,2026-10-11 03:00:00
DISP0037,ORD0186,Ecom Express,B-02,Shipped,AWB202610000186,2026-10-11 05:00:00
DISP0038,ORD0187,DTDC,B-03,Shipped,AWB202610000187,2026-10-11 07:00:00
DISP0039,ORD0188,Delhivery,B-04,Shipped,AWB202610000188,2026-10-11 09:00:00
DISP0040,ORD0189,Blue Dart,B-05,Shipped,AWB202610000189,2026-10-11 11:00:00
DISP0041,ORD0190,DTDC,B-06,Shipped,AWB202610000190,2026-10-11 13:00:00
DISP0042,ORD0191,Blue Dart,B-07,Shipped,AWB202610000191,2026-10-11 15:00:00
DISP0043,ORD0192,DTDC,B-08,Shipped,AWB202610000192,2026-10-11 17:00:00
DISP0044,ORD0193,Blue Dart,A-01,Shipped,AWB202610000193,2026-10-11 19:00:00
DISP0045,ORD0194,Delhivery,A-02,Shipped,AWB202610000194,2026-10-11 21:00:00
DISP0046,ORD0195,Ecom Express,A-03,Shipped,AWB202610000195,2026-10-11 23:00:00
DISP0047,ORD0196,Delhivery,A-04,Shipped,AWB202610000196,2026-10-12 01:00:00
DISP0048,ORD0197,Ecom Express,A-05,Shipped,AWB202610000197,2026-10-12 03:00:00
DISP0049,ORD0198,Blue Dart,A-06,Shipped,AWB202610000198,2026-10-12 05:00:00
DISP0050,ORD0199,DTDC,A-07,Shipped,AWB202610000199,2026-10-12 07:00:00
DISP0051,ORD0200,Delhivery,A-08,Shipped,AWB202610000200,2026-10-12 09:00:00
DISP0052,ORD0201,Ecom Express,B-01,Shipped,AWB202610000201,2026-10-12 11:00:00
DISP0053,ORD0202,Delhivery,B-02,Shipped,AWB202610000202,2026-10-12 13:00:00
DISP0054,ORD0203,Ecom Express,B-03,Shipped,AWB202610000203,2026-10-12 15:00:00
DISP0055,ORD0204,Delhivery,B-04,Shipped,AWB202610000204,2026-10-12 17:00:00
DISP0056,ORD0205,Ecom Express,B-05,Shipped,AWB202610000205,2026-10-12 19:00:00
DISP0057,ORD0206,Ecom Express,B-06,Shipped,AWB202610000206,2026-10-12 21:00:00
DISP0058,ORD0207,Blue Dart,B-07,Shipped,AWB202610000207,2026-10-12 23:00:00
DISP0059,ORD0208,Ecom Express,B-08,Shipped,AWB202610000208,2026-10-13 01:00:00
DISP0060,ORD0209,Blue Dart,A-01,Shipped,AWB202610000209,2026-10-13 03:00:00
DISP0061,ORD0210,Ecom Express,A-02,Shipped,AWB202610000210,2026-10-13 05:00:00
DISP0062,ORD0211,DTDC,A-03,Shipped,AWB202610000211,2026-10-13 07:00:00
DISP0063,ORD0212,DTDC,A-04,Shipped,AWB202610000212,2026-10-13 09:00:00
DISP0064,ORD0213,DTDC,A-05,Shipped,AWB202610000213,2026-10-13 11:00:00
DISP0065,ORD0214,Ecom Express,A-06,Shipped,AWB202610000214,2026-10-13 13:00:00
DISP0066,ORD0215,Blue Dart,A-07,Shipped,AWB202610000215,2026-10-13 15:00:00
DISP0067,ORD0216,Blue Dart,A-08,Shipped,AWB202610000216,2026-10-13 17:00:00
DISP0068,ORD0217,Ecom Express,B-01,Shipped,AWB202610000217,2026-10-13 19:00:00
DISP0069,ORD0218,DTDC,B-02,Shipped,AWB202610000218,2026-10-13 21:00:00
DISP0070,ORD0219,DTDC,B-03,Shipped,AWB202610000219,2026-10-13 23:00:00
DISP0071,ORD0220,Blue Dart,B-04,Shipped,AWB202610000220,2026-10-14 01:00:00
DISP0072,ORD0221,DTDC,B-05,Shipped,AWB202610000221,2026-10-14 03:00:00
DISP0073,ORD0222,Delhivery,B-06,Shipped,AWB202610000222,2026-10-14 05:00:00
DISP0074,ORD0223,Blue Dart,B-07,Shipped,AWB202610000223,2026-10-14 07:00:00
DISP0075,ORD0224,DTDC,B-08,Shipped,AWB202610000224,2026-10-14 09:00:00
DISP0076,ORD0225,Blue Dart,A-01,Shipped,AWB202610000225,2026-10-14 11:00:00
DISP0077,ORD0226,Delhivery,A-02,Shipped,AWB202610000226,2026-10-14 13:00:00
DISP0078,ORD0227,Blue Dart,A-03,Shipped,AWB202610000227,2026-10-14 15:00:00
DISP0079,ORD0228,Blue Dart,A-04,Shipped,AWB202610000228,2026-10-14 17:00:00
DISP0080,ORD0229,Blue Dart,A-05,Shipped,AWB202610000229,2026-10-14 19:00:00
DISP0081,ORD0230,Blue Dart,A-06,Shipped,AWB202610000230,2026-10-14 21:00:00
DISP0082,ORD0231,Delhivery,A-07,Shipped,AWB202610000231,2026-10-14 23:00:00
DISP0083,ORD0232,Ecom Express,A-08,Shipped,AWB202610000232,2026-10-15 01:00:00
DISP0084,ORD0233,Blue Dart,B-01,Shipped,AWB202610000233,2026-10-15 03:00:00
DISP0085,ORD0234,Blue Dart,B-02,Shipped,AWB202610000234,2026-10-15 05:00:00
DISP0086,ORD0235,DTDC,B-03,Shipped,AWB202610000235,2026-10-15 07:00:00
DISP0087,ORD0236,Blue Dart,B-04,Shipped,AWB202610000236,2026-10-15 09:00:00
DISP0088,ORD0237,DTDC,B-05,Shipped,AWB202610000237,2026-10-15 11:00:00
DISP0089,ORD0238,Ecom Express,B-06,Shipped,AWB202610000238,2026-10-15 13:00:00
DISP0090,ORD0239,Delhivery,B-07,Shipped,AWB202610000239,2026-10-15 15:00:00
DISP0091,ORD0240,Delhivery,B-08,Shipped,AWB202610000240,2026-10-15 17:00:00
DISP0092,ORD0241,Ecom Express,A-01,Shipped,AWB202610000241,2026-10-15 19:00:00
DISP0093,ORD0242,Delhivery,A-02,Shipped,AWB202610000242,2026-10-15 21:00:00
DISP0094,ORD0243,Ecom Express,A-03,Shipped,AWB202610000243,2026-10-15 23:00:00
DISP0095,ORD0244,Ecom Express,A-04,Shipped,AWB202610000244,2026-10-16 01:00:00
DISP0096,ORD0245,Ecom Express,A-05,Shipped,AWB202610000245,2026-10-16 03:00:00
DISP0097,ORD0246,Delhivery,A-06,Shipped,AWB202610000246,2026-10-16 05:00:00
DISP0098,ORD0247,DTDC,A-07,Shipped,AWB202610000247,2026-10-16 07:00:00
DISP0099,ORD0248,Ecom Express,A-08,Shipped,AWB202610000248,2026-10-16 09:00:00
DISP0100,ORD0249,Blue Dart,B-01,Shipped,AWB202610000249,2026-10-16 11:00:00
DISP0101,ORD0250,Delhivery,B-02,Shipped,AWB202610000250,2026-10-16 13:00:00
