sku,warehouse,physical_qty,reserved_qty,available_qty,last_verified
SKU001,Main,20,20,0,2026-10-05 16:11:00
SKU001,Secondary,24,0,24,2026-10-05 16:11:00
SKU002,Main,25,25,0,2026-10-05 16:42:00
SKU002,Secondary,29,0,29,2026-10-05 16:42:00
SKU003,Main,64,24,40,2026-10-05 08:00:00
SKU003,Secondary,35,0,35,2026-10-05 08:00:00
SKU004,Main,66,22,44,2026-10-05 08:00:00
SKU004,Secondary,20,0,20,2026-10-05 08:00:00
SKU005,Main,48,15,33,2026-10-05 08:00:00
SKU005,Secondary,25,0,25,2026-10-05 08:00:00
SKU006,Main,46,27,19,2026-10-05 08:00:00
SKU006,Secondary,30,0,30,2026-10-05 08:00:00
SKU007,Main,62,18,44,2026-10-05 08:00:00
SKU007,Secondary,35,0,35,2026-10-05 08:00:00
SKU008,Main,70,17,53,2026-10-05 08:00:00
SKU008,Secondary,20,0,20,2026-10-05 08:00:00
SKU009,Main,19,17,2,2026-10-05 08:00:00
SKU009,Secondary,25,0,25,2026-10-05 08:00:00
SKU010,Main,42,22,20,2026-10-05 08:00:00
SKU010,Secondary,30,0,30,2026-10-05 08:00:00
