order_id,sku,quantity,unit_price,line_total
ORD0001,SKU001,2,799,1598
ORD0002,SKU002,3,999,2997
ORD0003,SKU003,1,1499,1499
ORD0004,SKU004,2,2499,4998
ORD0005,SKU005,2,1299,2598
ORD0006,SKU006,1,1799,1799
ORD0007,SKU007,2,2199,4398
ORD0008,SKU008,1,2999,2999
ORD0009,SKU009,3,599,1797
ORD0010,SKU010,1,3499,3499
ORD0011,SKU001,1,799,799
ORD0012,SKU002,1,999,999
ORD0013,SKU003,2,1499,2998
ORD0014,SKU004,1,2499,2499
ORD0015,SKU005,1,1299,1299
ORD0016,SKU006,2,1799,3598
ORD0017,SKU007,1,2199,2199
ORD0018,SKU008,2,2999,5998
ORD0019,SKU009,3,599,1797
ORD0020,SKU010,1,3499,3499
ORD0021,SKU001,2,799,1598
ORD0022,SKU002,2,999,1998
ORD0023,SKU003,1,1499,1499
ORD0024,SKU004,1,2499,2499
ORD0025,SKU005,1,1299,1299
ORD0026,SKU006,1,1799,1799
ORD0027,SKU007,1,2199,2199
ORD0028,SKU008,3,2999,8997
ORD0029,SKU009,3,599,1797
ORD0030,SKU010,1,3499,3499
ORD0031,SKU001,2,799,1598
ORD0032,SKU002,2,999,1998
ORD0033,SKU003,1,1499,1499
ORD0034,SKU004,2,2499,4998
ORD0035,SKU005,2,1299,2598
ORD0036,SKU006,3,1799,5397
ORD0037,SKU007,2,2199,4398
ORD0038,SKU008,1,2999,2999
ORD0039,SKU009,2,599,1198
ORD0040,SKU010,1,3499,3499
ORD0041,SKU001,1,799,799
ORD0042,SKU002,2,999,1998
ORD0043,SKU003,3,1499,4497
ORD0044,SKU004,1,2499,2499
ORD0045,SKU005,2,1299,2598
ORD0046,SKU006,3,1799,5397
ORD0047,SKU007,2,2199,4398
ORD0048,SKU008,2,2999,5998
ORD0049,SKU009,1,599,599
ORD0050,SKU010,3,3499,10497
ORD0051,SKU001,3,799,2397
ORD0052,SKU002,3,999,2997
ORD0053,SKU003,2,1499,2998
ORD0054,SKU004,2,2499,4998
ORD0055,SKU005,2,1299,2598
ORD0056,SKU006,1,1799,1799
ORD0057,SKU007,1,2199,2199
ORD0058,SKU008,2,2999,5998
ORD0059,SKU009,2,599,1198
ORD0060,SKU010,1,3499,3499
ORD0061,SKU001,3,799,2397
ORD0062,SKU002,3,999,2997
ORD0063,SKU003,2,1499,2998
ORD0064,SKU004,1,2499,2499
ORD0065,SKU005,1,1299,1299
ORD0066,SKU006,3,1799,5397
ORD0067,SKU007,2,2199,4398
ORD0068,SKU008,2,2999,5998
ORD0069,SKU009,1,599,599
ORD0070,SKU010,2,3499,6998
ORD0071,SKU001,1,799,799
ORD0072,SKU002,1,999,999
ORD0073,SKU003,1,1499,1499
ORD0074,SKU004,1,2499,2499
ORD0075,SKU005,1,1299,1299
ORD0076,SKU006,2,1799,3598
ORD0077,SKU007,2,2199,4398
ORD0078,SKU008,2,2999,5998
ORD0079,SKU009,1,599,599
ORD0080,SKU010,1,3499,3499
ORD0081,SKU001,2,799,1598
ORD0082,SKU002,1,999,999
ORD0083,SKU003,2,1499,2998
ORD0084,SKU004,2,2499,4998
ORD0085,SKU005,1,1299,1299
ORD0086,SKU006,1,1799,1799
ORD0087,SKU007,2,2199,4398
ORD0088,SKU008,1,2999,2999
ORD0089,SKU009,1,599,599
ORD0090,SKU010,2,3499,6998
ORD0091,SKU001,1,799,799
ORD0092,SKU002,1,999,999
ORD0093,SKU003,2,1499,2998
ORD0094,SKU004,2,2499,4998
ORD0095,SKU005,1,1299,1299
ORD0096,SKU006,1,1799,1799
ORD0097,SKU007,1,2199,2199
ORD0098,SKU008,1,2999,2999
ORD0099,SKU009,1,599,599
ORD0100,SKU010,2,3499,6998
ORD0101,SKU001,2,799,1598
ORD0102,SKU002,2,999,1998
ORD0103,SKU003,2,1499,2998
ORD0104,SKU004,3,2499,7497
ORD0105,SKU005,1,1299,1299
ORD0106,SKU006,2,1799,3598
ORD0107,SKU007,1,2199,2199
ORD0108,SKU008,1,2999,2999
ORD0109,SKU009,1,599,599
ORD0110,SKU010,1,3499,3499
ORD0111,SKU001,1,799,799
ORD0112,SKU002,2,999,1998
ORD0113,SKU003,1,1499,1499
ORD0114,SKU004,1,2499,2499
ORD0115,SKU005,1,1299,1299
ORD0116,SKU006,3,1799,5397
ORD0117,SKU007,1,2199,2199
ORD0118,SKU008,1,2999,2999
ORD0119,SKU009,1,599,599
ORD0120,SKU010,2,3499,6998
ORD0121,SKU001,1,799,799
ORD0122,SKU002,2,999,1998
ORD0123,SKU003,1,1499,1499
ORD0124,SKU004,2,2499,4998
ORD0125,SKU005,1,1299,1299
ORD0126,SKU006,2,1799,3598
ORD0127,SKU007,2,2199,4398
ORD0128,SKU008,1,2999,2999
ORD0129,SKU009,2,599,1198
ORD0130,SKU010,2,3499,6998
ORD0131,SKU001,1,799,799
ORD0132,SKU002,2,999,1998
ORD0133,SKU003,1,1499,1499
ORD0134,SKU004,2,2499,4998
ORD0135,SKU005,1,1299,1299
ORD0136,SKU006,1,1799,1799
ORD0137,SKU007,1,2199,2199
ORD0138,SKU008,1,2999,2999
ORD0139,SKU009,2,599,1198
ORD0140,SKU010,1,3499,3499
ORD0141,SKU001,1,799,799
ORD0142,SKU002,3,999,2997
ORD0143,SKU003,2,1499,2998
ORD0144,SKU004,2,2499,4998
ORD0145,SKU005,1,1299,1299
ORD0146,SKU006,2,1799,3598
ORD0147,SKU007,1,2199,2199
ORD0148,SKU008,1,2999,2999
ORD0149,SKU009,1,599,599
ORD0150,SKU010,3,3499,10497
ORD0151,SKU001,1,799,799
ORD0152,SKU002,1,999,999
ORD0153,SKU003,3,1499,4497
ORD0154,SKU004,2,2499,4998
ORD0155,SKU005,1,1299,1299
ORD0156,SKU006,3,1799,5397
ORD0157,SKU007,2,2199,4398
ORD0158,SKU008,1,2999,2999
ORD0159,SKU009,1,599,599
ORD0160,SKU010,1,3499,3499
ORD0161,SKU001,2,799,1598
ORD0162,SKU002,2,999,1998
ORD0163,SKU003,2,1499,2998
ORD0164,SKU004,1,2499,2499
ORD0165,SKU005,1,1299,1299
ORD0166,SKU006,2,1799,3598
ORD0167,SKU007,1,2199,2199
ORD0168,SKU008,2,2999,5998
ORD0169,SKU009,3,599,1797
ORD0170,SKU010,2,3499,6998
ORD0171,SKU001,1,799,799
ORD0172,SKU002,1,999,999
ORD0173,SKU003,2,1499,2998
ORD0174,SKU004,2,2499,4998
ORD0175,SKU005,1,1299,1299
ORD0176,SKU006,2,1799,3598
ORD0177,SKU007,1,2199,2199
ORD0178,SKU008,2,2999,5998
ORD0179,SKU009,1,599,599
ORD0180,SKU010,2,3499,6998
ORD0181,SKU001,2,799,1598
ORD0182,SKU002,2,999,1998
ORD0183,SKU003,1,1499,1499
ORD0184,SKU004,2,2499,4998
ORD0185,SKU005,2,1299,2598
ORD0186,SKU006,1,1799,1799
ORD0187,SKU007,1,2199,2199
ORD0188,SKU008,3,2999,8997
ORD0189,SKU009,1,599,599
ORD0190,SKU010,2,3499,6998
ORD0191,SKU001,1,799,799
ORD0192,SKU002,2,999,1998
ORD0193,SKU003,1,1499,1499
ORD0194,SKU004,1,2499,2499
ORD0195,SKU005,1,1299,1299
ORD0196,SKU006,2,1799,3598
ORD0197,SKU007,1,2199,2199
ORD0198,SKU008,1,2999,2999
ORD0199,SKU009,1,599,599
ORD0200,SKU010,2,3499,6998
ORD0201,SKU001,1,799,799
ORD0202,SKU002,2,999,1998
ORD0203,SKU003,3,1499,4497
ORD0204,SKU004,3,2499,7497
ORD0205,SKU005,2,1299,2598
ORD0206,SKU006,1,1799,1799
ORD0207,SKU007,1,2199,2199
ORD0208,SKU008,1,2999,2999
ORD0209,SKU009,1,599,599
ORD0210,SKU010,1,3499,3499
ORD0211,SKU001,1,799,799
ORD0212,SKU002,2,999,1998
ORD0213,SKU003,2,1499,2998
ORD0214,SKU004,2,2499,4998
ORD0215,SKU005,3,1299,3897
ORD0216,SKU006,1,1799,1799
ORD0217,SKU007,2,2199,4398
ORD0218,SKU008,1,2999,2999
ORD0219,SKU009,3,599,1797
ORD0220,SKU010,2,3499,6998
ORD0221,SKU001,1,799,799
ORD0222,SKU002,1,999,999
ORD0223,SKU003,2,1499,2998
ORD0224,SKU004,2,2499,4998
ORD0225,SKU005,2,1299,2598
ORD0226,SKU006,3,1799,5397
ORD0227,SKU007,2,2199,4398
ORD0228,SKU008,1,2999,2999
ORD0229,SKU009,2,599,1198
ORD0230,SKU010,2,3499,6998
ORD0231,SKU001,3,799,2397
ORD0232,SKU002,1,999,999
ORD0233,SKU003,1,1499,1499
ORD0234,SKU004,1,2499,2499
ORD0235,SKU005,1,1299,1299
ORD0236,SKU006,3,1799,5397
ORD0237,SKU007,1,2199,2199
ORD0238,SKU008,2,2999,5998
ORD0239,SKU009,2,599,1198
ORD0240,SKU010,1,3499,3499
ORD0241,SKU001,2,799,1598
ORD0242,SKU002,3,999,2997
ORD0243,SKU003,1,1499,1499
ORD0244,SKU004,2,2499,4998
ORD0245,SKU005,2,1299,2598
ORD0246,SKU006,2,1799,3598
ORD0247,SKU007,1,2199,2199
ORD0248,SKU008,1,2999,2999
ORD0249,SKU009,1,599,599
ORD0250,SKU010,2,3499,6998
