order_id,order_date,priority,status,warehouse,courier,deadline,staging_location,shipping_label,label_created_at,handoff_time,tracking_number
ORD0001,2026-09-25 11:00:00,High,Shipped,Main,Blue Dart,2026-09-27 11:00:00,B-03,LBL-ORD0001,2026-10-05 16:12,2026-10-05 16:26,AWB2026100001
ORD0002,2026-09-25 13:00:00,High,Shipped,Main,Ecom Express,2026-09-26 13:00:00,B-03,LBL-ORD0002,2026-10-05 16:42,2026-10-05 16:43,AWB2026100002
ORD0003,2026-09-25 15:00:00,,Received,,,2026-09-27 15:00:00,,,,,
ORD0004,2026-09-25 17:00:00,High,Shipped,Main,Delhivery,2026-09-26 17:00:00,B-03,LBL-ORD0004,2026-10-05 16:49,2026-10-05 16:50,AWB2016100004
ORD0005,2026-09-25 19:00:00,,Received,,,2026-09-27 19:00:00,,,,,
ORD0006,2026-09-25 21:00:00,,Received,,,2026-09-27 21:00:00,,,,,
ORD0007,2026-09-25 23:00:00,,Received,,,2026-09-27 23:00:00,,,,,
ORD0008,2026-09-26 01:00:00,,Received,,,2026-09-28 01:00:00,,,,,
ORD0009,2026-09-26 03:00:00,,Received,,,2026-09-27 03:00:00,,,,,
ORD0010,2026-09-26 05:00:00,,Received,,,2026-09-28 05:00:00,,,,,
ORD0011,2026-09-26 07:00:00,,Received,,,2026-09-28 07:00:00,,,,,
ORD0012,2026-09-26 09:00:00,,Received,,,2026-09-28 09:00:00,,,,,
ORD0013,2026-09-26 11:00:00,,Received,,,2026-09-28 11:00:00,,,,,
ORD0014,2026-09-26 13:00:00,,Received,,,2026-09-28 13:00:00,,,,,
ORD0015,2026-09-26 15:00:00,,Received,,,2026-09-28 15:00:00,,,,,
ORD0016,2026-09-26 17:00:00,,Received,,,2026-09-28 17:00:00,,,,,
ORD0017,2026-09-26 19:00:00,,Received,,,2026-09-28 19:00:00,,,,,
ORD0018,2026-09-26 21:00:00,,Received,,,2026-09-27 21:00:00,,,,,
ORD0019,2026-09-26 23:00:00,,Received,,,2026-09-28 23:00:00,,,,,
ORD0020,2026-09-27 01:00:00,,Received,,,2026-09-28 01:00:00,,,,,
ORD0021,2026-09-27 03:00:00,,Received,,,2026-09-29 03:00:00,,,,,
ORD0022,2026-09-27 05:00:00,,Received,,,2026-09-28 05:00:00,,,,,
ORD0023,2026-09-27 07:00:00,,Received,,,2026-09-29 07:00:00,,,,,
ORD0024,2026-09-27 09:00:00,,Received,,,2026-09-29 09:00:00,,,,,
ORD0025,2026-09-27 11:00:00,,Received,,,2026-09-29 11:00:00,,,,,
ORD0026,2026-09-27 13:00:00,,Received,,,2026-09-28 13:00:00,,,,,
ORD0027,2026-09-27 15:00:00,,Received,,,2026-09-28 15:00:00,,,,,
ORD0028,2026-09-27 17:00:00,,Received,,,2026-09-28 17:00:00,,,,,
ORD0029,2026-09-27 19:00:00,,Received,,,2026-09-28 19:00:00,,,,,
ORD0030,2026-09-27 21:00:00,,Received,,,2026-09-29 21:00:00,,,,,
ORD0031,2026-09-27 23:00:00,,Received,,,2026-09-29 23:00:00,,,,,
ORD0032,2026-09-28 01:00:00,,Received,,,2026-09-29 01:00:00,,,,,
ORD0033,2026-09-28 03:00:00,,Received,,,2026-09-30 03:00:00,,,,,
ORD0034,2026-09-28 05:00:00,,Received,,,2026-09-30 05:00:00,,,,,
ORD0035,2026-09-28 07:00:00,,Received,,,2026-09-29 07:00:00,,,,,
ORD0036,2026-09-28 09:00:00,Normal,Confirmed,Main,DTDC,2026-09-30 09:00:00,,,,,
ORD0037,2026-09-28 11:00:00,High,Confirmed,Main,DTDC,2026-09-29 11:00:00,,,,,
ORD0038,2026-09-28 13:00:00,Normal,Confirmed,Main,Delhivery,2026-09-30 13:00:00,,,,,
ORD0039,2026-09-28 15:00:00,Normal,Confirmed,Main,Delhivery,2026-09-30 15:00:00,,,,,
ORD0040,2026-09-28 17:00:00,Normal,Confirmed,Main,DTDC,2026-09-30 17:00:00,,,,,
ORD0041,2026-09-28 19:00:00,Normal,Confirmed,Main,DTDC,2026-09-30 19:00:00,,,,,
ORD0042,2026-09-28 21:00:00,Normal,Confirmed,Main,Ecom Express,2026-09-30 21:00:00,,,,,
ORD0043,2026-09-28 23:00:00,Normal,Confirmed,Main,Ecom Express,2026-09-30 23:00:00,,,,,
ORD0044,2026-09-29 01:00:00,Normal,Confirmed,Main,DTDC,2026-10-01 01:00:00,,,,,
ORD0045,2026-09-29 03:00:00,Normal,Confirmed,Main,Ecom Express,2026-10-01 03:00:00,,,,,
ORD0046,2026-09-29 05:00:00,High,Confirmed,Main,Ecom Express,2026-09-30 05:00:00,,,,,
ORD0047,2026-09-29 07:00:00,Normal,Confirmed,Main,Blue Dart,2026-10-01 07:00:00,,,,,
ORD0048,2026-09-29 09:00:00,Normal,Confirmed,Main,Ecom Express,2026-10-01 09:00:00,,,,,
ORD0049,2026-09-29 11:00:00,Normal,Confirmed,Main,Delhivery,2026-10-01 11:00:00,,,,,
ORD0050,2026-09-29 13:00:00,High,Confirmed,Main,Ecom Express,2026-09-30 13:00:00,,,,,
ORD0051,2026-09-29 15:00:00,Normal,Confirmed,Main,Ecom Express,2026-10-01 15:00:00,,,,,
ORD0052,2026-09-29 17:00:00,Normal,Confirmed,Main,DTDC,2026-10-01 17:00:00,,,,,
ORD0053,2026-09-29 19:00:00,Normal,Confirmed,Main,Delhivery,2026-10-01 19:00:00,,,,,
ORD0054,2026-09-29 21:00:00,Normal,Confirmed,Main,Ecom Express,2026-10-01 21:00:00,,,,,
ORD0055,2026-09-29 23:00:00,Normal,Confirmed,Main,Ecom Express,2026-10-01 23:00:00,,,,,
ORD0056,2026-09-30 01:00:00,Normal,Confirmed,Main,Blue Dart,2026-10-02 01:00:00,,,,,
ORD0057,2026-09-30 03:00:00,Normal,Confirmed,Main,Ecom Express,2026-10-02 03:00:00,,,,,
ORD0058,2026-09-30 05:00:00,Normal,Confirmed,Main,Ecom Express,2026-10-02 05:00:00,,,,,
ORD0059,2026-09-30 07:00:00,Normal,Confirmed,Main,Blue Dart,2026-10-02 07:00:00,,,,,
ORD0060,2026-09-30 09:00:00,Normal,Confirmed,Main,DTDC,2026-10-02 09:00:00,,,,,
ORD0061,2026-09-30 11:00:00,Normal,Confirmed,Main,Ecom Express,2026-10-02 11:00:00,,,,,
ORD0062,2026-09-30 13:00:00,Normal,Confirmed,Main,Blue Dart,2026-10-02 13:00:00,,,,,
ORD0063,2026-09-30 15:00:00,Normal,Confirmed,Main,Delhivery,2026-10-02 15:00:00,,,,,
ORD0064,2026-09-30 17:00:00,Normal,Confirmed,Main,DTDC,2026-10-02 17:00:00,,,,,
ORD0065,2026-09-30 19:00:00,Normal,Confirmed,Main,Delhivery,2026-10-02 19:00:00,,,,,
ORD0066,2026-09-30 21:00:00,Normal,Picking,Main,Delhivery,2026-10-02 21:00:00,,LBL-ORD0066,2026-09-30 23:00:00,,
ORD0067,2026-09-30 23:00:00,Normal,Picking,Main,Blue Dart,2026-10-02 23:00:00,,LBL-ORD0067,2026-10-01 01:00:00,,
ORD0068,2026-10-01 01:00:00,Normal,Picking,Main,Ecom Express,2026-10-03 01:00:00,,LBL-ORD0068,2026-10-01 03:00:00,,
ORD0069,2026-10-01 03:00:00,Normal,Picking,Main,Blue Dart,2026-10-03 03:00:00,,LBL-ORD0069,2026-10-01 05:00:00,,
ORD0070,2026-10-01 05:00:00,Normal,Picking,Main,Blue Dart,2026-10-03 05:00:00,,LBL-ORD0070,2026-10-01 07:00:00,,
ORD0071,2026-10-01 07:00:00,Normal,Picking,Main,Blue Dart,2026-10-03 07:00:00,,LBL-ORD0071,2026-10-01 09:00:00,,
ORD0072,2026-10-01 09:00:00,Normal,Picking,Main,Blue Dart,2026-10-03 09:00:00,,LBL-ORD0072,2026-10-01 11:00:00,,
ORD0073,2026-10-01 11:00:00,Normal,Picking,Main,DTDC,2026-10-03 11:00:00,,LBL-ORD0073,2026-10-01 13:00:00,,
ORD0074,2026-10-01 13:00:00,Normal,Picking,Main,Ecom Express,2026-10-03 13:00:00,,LBL-ORD0074,2026-10-01 15:00:00,,
ORD0075,2026-10-01 15:00:00,Normal,Picking,Main,Delhivery,2026-10-03 15:00:00,,LBL-ORD0075,2026-10-01 17:00:00,,
ORD0076,2026-10-01 17:00:00,Normal,Picking,Main,Delhivery,2026-10-03 17:00:00,,LBL-ORD0076,2026-10-01 19:00:00,,
ORD0077,2026-10-01 19:00:00,High,Shipped,Main,Ecom Express,2026-10-02 19:00:00,B-03,LBL-ORD0077,2026-10-01 21:00:00,2026-10-05 16:58,AWB2026100077
ORD0078,2026-10-01 21:00:00,Normal,Picking,Main,Delhivery,2026-10-03 21:00:00,,LBL-ORD0078,2026-10-01 23:00:00,,
ORD0079,2026-10-01 23:00:00,Normal,Picking,Main,Ecom Express,2026-10-03 23:00:00,,LBL-ORD0079,2026-10-02 01:00:00,,
ORD0080,2026-10-02 01:00:00,Normal,Picking,Main,Delhivery,2026-10-04 01:00:00,,LBL-ORD0080,2026-10-02 03:00:00,,
ORD0081,2026-10-02 03:00:00,High,Picking,Main,Blue Dart,2026-10-03 03:00:00,,LBL-ORD0081,2026-10-02 05:00:00,,
ORD0082,2026-10-02 05:00:00,High,Picking,Main,Delhivery,2026-10-03 05:00:00,,LBL-ORD0082,2026-10-02 07:00:00,,
ORD0083,2026-10-02 07:00:00,Normal,Picking,Main,Ecom Express,2026-10-04 07:00:00,,LBL-ORD0083,2026-10-02 09:00:00,,
ORD0084,2026-10-02 09:00:00,Normal,Picking,Main,Ecom Express,2026-10-04 09:00:00,,LBL-ORD0084,2026-10-02 11:00:00,,
ORD0085,2026-10-02 11:00:00,Normal,Picking,Main,Ecom Express,2026-10-04 11:00:00,,LBL-ORD0085,2026-10-02 13:00:00,,
ORD0086,2026-10-02 13:00:00,Normal,Picking,Main,Ecom Express,2026-10-04 13:00:00,,LBL-ORD0086,2026-10-02 15:00:00,,
ORD0087,2026-10-02 15:00:00,Normal,Picking,Main,Ecom Express,2026-10-04 15:00:00,,LBL-ORD0087,2026-10-02 17:00:00,,
ORD0088,2026-10-02 17:00:00,Normal,Picking,Main,DTDC,2026-10-04 17:00:00,,LBL-ORD0088,2026-10-02 19:00:00,,
ORD0089,2026-10-02 19:00:00,Normal,Picking,Main,DTDC,2026-10-04 19:00:00,,LBL-ORD0089,2026-10-02 21:00:00,,
ORD0090,2026-10-02 21:00:00,Normal,Picking,Main,Delhivery,2026-10-04 21:00:00,,LBL-ORD0090,2026-10-02 23:00:00,,
ORD0091,2026-10-02 23:00:00,High,Picked,Main,Ecom Express,2026-10-03 23:00:00,,LBL-ORD0091,2026-10-03 01:00:00,,
ORD0092,2026-10-03 01:00:00,High,Picked,Main,Delhivery,2026-10-04 01:00:00,,LBL-ORD0092,2026-10-03 03:00:00,,
ORD0093,2026-10-03 03:00:00,High,Picked,Main,Ecom Express,2026-10-04 03:00:00,,LBL-ORD0093,2026-10-03 05:00:00,,
ORD0094,2026-10-03 05:00:00,High,Picked,Main,Ecom Express,2026-10-04 05:00:00,,LBL-ORD0094,2026-10-03 07:00:00,,
ORD0095,2026-10-03 07:00:00,High,Picked,Main,DTDC,2026-10-04 07:00:00,,LBL-ORD0095,2026-10-03 09:00:00,,
ORD0096,2026-10-03 09:00:00,Normal,Picked,Main,DTDC,2026-10-05 09:00:00,,LBL-ORD0096,2026-10-03 11:00:00,,
ORD0097,2026-10-03 11:00:00,High,Picked,Main,Blue Dart,2026-10-04 11:00:00,,LBL-ORD0097,2026-10-03 13:00:00,,
ORD0098,2026-10-03 13:00:00,Normal,Picked,Main,DTDC,2026-10-05 13:00:00,,LBL-ORD0098,2026-10-03 15:00:00,,
ORD0099,2026-10-03 15:00:00,Normal,Picked,Main,Blue Dart,2026-10-05 15:00:00,,LBL-ORD0099,2026-10-03 17:00:00,,
ORD0100,2026-10-03 17:00:00,Normal,Picked,Main,Blue Dart,2026-10-05 17:00:00,,LBL-ORD0100,2026-10-03 19:00:00,,
ORD0101,2026-10-03 19:00:00,High,Picked,Main,Blue Dart,2026-10-04 19:00:00,,LBL-ORD0101,2026-10-03 21:00:00,,
ORD0102,2026-10-03 21:00:00,Normal,Picked,Main,Blue Dart,2026-10-05 21:00:00,,LBL-ORD0102,2026-10-03 23:00:00,,
ORD0103,2026-10-03 23:00:00,Normal,Picked,Main,Blue Dart,2026-10-05 23:00:00,,LBL-ORD0103,2026-10-04 01:00:00,,
ORD0104,2026-10-04 01:00:00,Normal,Picked,Main,Delhivery,2026-10-06 01:00:00,,LBL-ORD0104,2026-10-04 03:00:00,,
ORD0105,2026-10-04 03:00:00,Normal,Picked,Main,DTDC,2026-10-06 03:00:00,,LBL-ORD0105,2026-10-04 05:00:00,,
ORD0106,2026-10-04 05:00:00,High,Picked,Main,Blue Dart,2026-10-05 05:00:00,,LBL-ORD0106,2026-10-04 07:00:00,,
ORD0107,2026-10-04 07:00:00,Normal,Picked,Main,Ecom Express,2026-10-06 07:00:00,,LBL-ORD0107,2026-10-04 09:00:00,,
ORD0108,2026-10-04 09:00:00,Normal,Picked,Main,DTDC,2026-10-06 09:00:00,,LBL-ORD0108,2026-10-04 11:00:00,,
ORD0109,2026-10-04 11:00:00,Normal,Picked,Main,DTDC,2026-10-06 11:00:00,,LBL-ORD0109,2026-10-04 13:00:00,,
ORD0110,2026-10-04 13:00:00,Normal,Picked,Main,Blue Dart,2026-10-06 13:00:00,,LBL-ORD0110,2026-10-04 15:00:00,,
ORD0111,2026-10-04 15:00:00,High,Picked,Main,Delhivery,2026-10-05 15:00:00,,LBL-ORD0111,2026-10-04 17:00:00,,
ORD0112,2026-10-04 17:00:00,Normal,Picked,Main,Blue Dart,2026-10-06 17:00:00,,LBL-ORD0112,2026-10-04 19:00:00,,
ORD0113,2026-10-04 19:00:00,Normal,Picked,Main,Delhivery,2026-10-06 19:00:00,,LBL-ORD0113,2026-10-04 21:00:00,,
ORD0114,2026-10-04 21:00:00,Normal,Picked,Main,Ecom Express,2026-10-06 21:00:00,,LBL-ORD0114,2026-10-04 23:00:00,,
ORD0115,2026-10-04 23:00:00,Normal,Picked,Main,DTDC,2026-10-06 23:00:00,,LBL-ORD0115,2026-10-05 01:00:00,,
ORD0116,2026-10-05 01:00:00,High,Packed,Main,Ecom Express,2026-10-06 01:00:00,,LBL-ORD0116,2026-10-05 03:00:00,,
ORD0117,2026-10-05 03:00:00,High,Packed,Main,Delhivery,2026-10-06 03:00:00,,LBL-ORD0117,2026-10-05 05:00:00,,
ORD0118,2026-10-05 05:00:00,Normal,Packed,Main,Delhivery,2026-10-07 05:00:00,,LBL-ORD0118,2026-10-05 07:00:00,,
ORD0119,2026-10-05 07:00:00,High,Packed,Main,Ecom Express,2026-10-06 07:00:00,,LBL-ORD0119,2026-10-05 09:00:00,,
ORD0120,2026-10-05 09:00:00,Normal,Packed,Main,Delhivery,2026-10-07 09:00:00,,LBL-ORD0120,2026-10-05 11:00:00,,
ORD0121,2026-10-05 11:00:00,Normal,Packed,Main,Ecom Express,2026-10-07 11:00:00,,LBL-ORD0121,2026-10-05 13:00:00,,
ORD0122,2026-10-05 13:00:00,Normal,Packed,Main,DTDC,2026-10-07 13:00:00,,LBL-ORD0122,2026-10-05 15:00:00,,
ORD0123,2026-10-05 15:00:00,Normal,Packed,Main,Ecom Express,2026-10-07 15:00:00,,LBL-ORD0123,2026-10-05 17:00:00,,
ORD0124,2026-10-05 17:00:00,Normal,Packed,Main,DTDC,2026-10-07 17:00:00,,LBL-ORD0124,2026-10-05 19:00:00,,
ORD0125,2026-10-05 19:00:00,Normal,Packed,Main,Ecom Express,2026-10-07 19:00:00,,LBL-ORD0125,2026-10-05 21:00:00,,
ORD0126,2026-10-05 21:00:00,Normal,Packed,Main,Delhivery,2026-10-07 21:00:00,,LBL-ORD0126,2026-10-05 23:00:00,,
ORD0127,2026-10-05 23:00:00,Normal,Packed,Main,Ecom Express,2026-10-07 23:00:00,,LBL-ORD0127,2026-10-06 01:00:00,,
ORD0128,2026-10-06 01:00:00,Normal,Packed,Main,Delhivery,2026-10-08 01:00:00,,LBL-ORD0128,2026-10-06 03:00:00,,
ORD0129,2026-10-06 03:00:00,High,Packed,Main,Ecom Express,2026-10-07 03:00:00,,LBL-ORD0129,2026-10-06 05:00:00,,
ORD0130,2026-10-06 05:00:00,High,Packed,Main,Ecom Express,2026-10-07 05:00:00,,LBL-ORD0130,2026-10-06 07:00:00,,
ORD0131,2026-10-06 07:00:00,Normal,Packed,Main,Blue Dart,2026-10-08 07:00:00,,LBL-ORD0131,2026-10-06 09:00:00,,
ORD0132,2026-10-06 09:00:00,Normal,Packed,Main,Delhivery,2026-10-08 09:00:00,,LBL-ORD0132,2026-10-06 11:00:00,,
ORD0133,2026-10-06 11:00:00,High,Packed,Main,Blue Dart,2026-10-07 11:00:00,,LBL-ORD0133,2026-10-06 13:00:00,,
ORD0134,2026-10-06 13:00:00,Normal,Packed,Main,Delhivery,2026-10-08 13:00:00,,LBL-ORD0134,2026-10-06 15:00:00,,
ORD0135,2026-10-06 15:00:00,Normal,Packed,Main,Blue Dart,2026-10-08 15:00:00,,LBL-ORD0135,2026-10-06 17:00:00,,
ORD0136,2026-10-06 17:00:00,High,Packed,Main,DTDC,2026-10-07 17:00:00,,LBL-ORD0136,2026-10-06 19:00:00,,
ORD0137,2026-10-06 19:00:00,Normal,Packed,Main,Ecom Express,2026-10-08 19:00:00,,LBL-ORD0137,2026-10-06 21:00:00,,
ORD0138,2026-10-06 21:00:00,High,Packed,Main,Delhivery,2026-10-07 21:00:00,,LBL-ORD0138,2026-10-06 23:00:00,,
ORD0139,2026-10-06 23:00:00,Normal,Packed,Main,Delhivery,2026-10-08 23:00:00,,LBL-ORD0139,2026-10-07 01:00:00,,
ORD0140,2026-10-07 01:00:00,High,Packed,Main,Ecom Express,2026-10-08 01:00:00,,LBL-ORD0140,2026-10-07 03:00:00,,
ORD0141,2026-10-07 03:00:00,Normal,Staged,Main,Delhivery,2026-10-09 03:00:00,A-01,LBL-ORD0141,2026-10-07 05:00:00,,
ORD0142,2026-10-07 05:00:00,Normal,Staged,Main,Delhivery,2026-10-09 05:00:00,A-02,LBL-ORD0142,2026-10-07 07:00:00,,
ORD0143,2026-10-07 07:00:00,Normal,Staged,Main,Blue Dart,2026-10-09 07:00:00,A-03,LBL-ORD0143,2026-10-07 09:00:00,,
ORD0144,2026-10-07 09:00:00,High,Staged,Main,Delhivery,2026-10-08 09:00:00,A-04,LBL-ORD0144,2026-10-07 11:00:00,,
ORD0145,2026-10-07 11:00:00,Normal,Staged,Main,DTDC,2026-10-09 11:00:00,A-05,LBL-ORD0145,2026-10-07 13:00:00,,
ORD0146,2026-10-07 13:00:00,Normal,Staged,Main,DTDC,2026-10-09 13:00:00,A-06,LBL-ORD0146,2026-10-07 15:00:00,,
ORD0147,2026-10-07 15:00:00,Normal,Staged,Main,Ecom Express,2026-10-09 15:00:00,A-07,LBL-ORD0147,2026-10-07 17:00:00,,
ORD0148,2026-10-07 17:00:00,Normal,Staged,Main,Delhivery,2026-10-09 17:00:00,A-08,LBL-ORD0148,2026-10-07 19:00:00,,
ORD0149,2026-10-07 19:00:00,Normal,Ready for Pickup,Main,Ecom Express,2026-10-09 19:00:00,B-01,LBL-ORD0149,2026-10-07 21:00:00,,
ORD0150,2026-10-07 21:00:00,Normal,Ready for Pickup,Main,DTDC,2026-10-09 21:00:00,B-02,LBL-ORD0150,2026-10-07 23:00:00,,
ORD0151,2026-10-07 23:00:00,High,Shipped,Main,Delhivery,2026-10-08 23:00:00,B-03,LBL-ORD0151,2026-10-08 01:00:00,2026-10-05 16:24,AWB2026100151
ORD0152,2026-10-08 01:00:00,High,Ready for Pickup,Main,Delhivery,2026-10-09 01:00:00,B-04,LBL-ORD0152,2026-10-08 03:00:00,,
ORD0153,2026-10-08 03:00:00,Normal,Ready for Pickup,Main,Ecom Express,2026-10-10 03:00:00,B-05,LBL-ORD0153,2026-10-08 05:00:00,,
ORD0154,2026-10-08 05:00:00,High,Ready for Pickup,Main,DTDC,2026-10-09 05:00:00,B-06,LBL-ORD0154,2026-10-08 07:00:00,,
ORD0155,2026-10-08 07:00:00,Normal,Ready for Pickup,Main,Delhivery,2026-10-10 07:00:00,B-07,LBL-ORD0155,2026-10-08 09:00:00,,
ORD0156,2026-10-08 09:00:00,Normal,Ready for Pickup,Main,Ecom Express,2026-10-10 09:00:00,B-08,LBL-ORD0156,2026-10-08 11:00:00,,
ORD0157,2026-10-08 11:00:00,High,Packed,Main,DTDC,2026-10-09 11:00:00,,LBL-ORD0157,2026-10-08 13:00:00,,
ORD0158,2026-10-08 13:00:00,Normal,Packed,Main,Ecom Express,2026-10-10 13:00:00,,LBL-ORD0158,2026-10-08 15:00:00,,
ORD0159,2026-10-08 15:00:00,Normal,Packed,Main,Blue Dart,2026-10-10 15:00:00,,LBL-ORD0159,2026-10-08 17:00:00,,
ORD0160,2026-10-08 17:00:00,Normal,Packed,Main,Delhivery,2026-10-10 17:00:00,,LBL-ORD0160,2026-10-08 19:00:00,,
ORD0161,2026-10-08 19:00:00,High,Packed,Main,Blue Dart,2026-10-09 19:00:00,,LBL-ORD0161,2026-10-08 21:00:00,,
ORD0162,2026-10-08 21:00:00,Normal,Packed,Main,DTDC,2026-10-10 21:00:00,,LBL-ORD0162,2026-10-08 23:00:00,,
ORD0163,2026-10-08 23:00:00,High,Packed,Main,Blue Dart,2026-10-09 23:00:00,,LBL-ORD0163,2026-10-09 01:00:00,,
ORD0164,2026-10-09 01:00:00,Normal,Packed,Main,Blue Dart,2026-10-11 01:00:00,,LBL-ORD0164,2026-10-09 03:00:00,,
ORD0165,2026-10-09 03:00:00,Normal,Packed,Main,DTDC,2026-10-11 03:00:00,,LBL-ORD0165,2026-10-09 05:00:00,,
ORD0166,2026-10-09 05:00:00,Normal,Shipped,Main,Ecom Express,2026-10-11 05:00:00,A-06,LBL-ORD0166,2026-10-09 07:00:00,2026-10-09 13:00:00,AWB202610000166
ORD0167,2026-10-09 07:00:00,High,Shipped,Main,Blue Dart,2026-10-10 07:00:00,A-07,LBL-ORD0167,2026-10-09 09:00:00,2026-10-09 15:00:00,AWB202610000167
ORD0168,2026-10-09 09:00:00,Normal,Handed to Courier,Main,Ecom Express,2026-10-11 09:00:00,A-08,LBL-ORD0168,2026-10-09 11:00:00,2026-10-09 17:00:00,AWB202610000168
ORD0169,2026-10-09 11:00:00,Normal,Handed to Courier,Main,Blue Dart,2026-10-11 11:00:00,B-01,LBL-ORD0169,2026-10-09 13:00:00,2026-10-09 19:00:00,AWB202610000169
ORD0170,2026-10-09 13:00:00,High,Handed to Courier,Main,Ecom Express,2026-10-10 13:00:00,B-02,LBL-ORD0170,2026-10-09 15:00:00,2026-10-09 21:00:00,AWB202610000170
ORD0171,2026-10-09 15:00:00,Normal,Handed to Courier,Main,DTDC,2026-10-11 15:00:00,B-03,LBL-ORD0171,2026-10-09 17:00:00,2026-10-09 23:00:00,AWB202610000171
ORD0172,2026-10-09 17:00:00,High,Handed to Courier,Main,Blue Dart,2026-10-10 17:00:00,B-04,LBL-ORD0172,2026-10-09 19:00:00,2026-10-10 01:00:00,AWB202610000172
ORD0173,2026-10-09 19:00:00,Normal,Handed to Courier,Main,DTDC,2026-10-11 19:00:00,B-05,LBL-ORD0173,2026-10-09 21:00:00,2026-10-10 03:00:00,AWB202610000173
ORD0174,2026-10-09 21:00:00,Normal,Handed to Courier,Main,Blue Dart,2026-10-11 21:00:00,B-06,LBL-ORD0174,2026-10-09 23:00:00,2026-10-10 05:00:00,AWB202610000174
ORD0175,2026-10-09 23:00:00,Normal,Handed to Courier,Main,DTDC,2026-10-11 23:00:00,B-07,LBL-ORD0175,2026-10-10 01:00:00,2026-10-10 07:00:00,AWB202610000175
ORD0176,2026-10-10 01:00:00,Normal,Shipped,Main,DTDC,2026-10-12 01:00:00,B-08,LBL-ORD0176,2026-10-10 03:00:00,2026-10-10 09:00:00,AWB202610000176
ORD0177,2026-10-10 03:00:00,High,Shipped,Main,Blue Dart,2026-10-11 03:00:00,A-01,LBL-ORD0177,2026-10-10 05:00:00,2026-10-10 11:00:00,AWB202610000177
ORD0178,2026-10-10 05:00:00,Normal,Shipped,Main,Blue Dart,2026-10-12 05:00:00,A-02,LBL-ORD0178,2026-10-10 07:00:00,2026-10-10 13:00:00,AWB202610000178
ORD0179,2026-10-10 07:00:00,Normal,Shipped,Main,Blue Dart,2026-10-12 07:00:00,A-03,LBL-ORD0179,2026-10-10 09:00:00,2026-10-10 15:00:00,AWB202610000179
ORD0180,2026-10-10 09:00:00,High,Shipped,Main,Delhivery,2026-10-11 09:00:00,A-04,LBL-ORD0180,2026-10-10 11:00:00,2026-10-10 17:00:00,AWB202610000180
ORD0181,2026-10-10 11:00:00,Normal,Shipped,Main,Ecom Express,2026-10-12 11:00:00,A-05,LBL-ORD0181,2026-10-10 13:00:00,2026-10-10 19:00:00,AWB202610000181
ORD0182,2026-10-10 13:00:00,High,Shipped,Main,Delhivery,2026-10-11 13:00:00,A-06,LBL-ORD0182,2026-10-10 15:00:00,2026-10-10 21:00:00,AWB202610000182
ORD0183,2026-10-10 15:00:00,Normal,Shipped,Main,Delhivery,2026-10-12 15:00:00,A-07,LBL-ORD0183,2026-10-10 17:00:00,2026-10-10 23:00:00,AWB202610000183
ORD0184,2026-10-10 17:00:00,Normal,Shipped,Main,DTDC,2026-10-12 17:00:00,A-08,LBL-ORD0184,2026-10-10 19:00:00,2026-10-11 01:00:00,AWB202610000184
ORD0185,2026-10-10 19:00:00,Normal,Shipped,Main,Blue Dart,2026-10-12 19:00:00,B-01,LBL-ORD0185,2026-10-10 21:00:00,2026-10-11 03:00:00,AWB202610000185
ORD0186,2026-10-10 21:00:00,Normal,Shipped,Main,Ecom Express,2026-10-12 21:00:00,B-02,LBL-ORD0186,2026-10-10 23:00:00,2026-10-11 05:00:00,AWB202610000186
ORD0187,2026-10-10 23:00:00,Normal,Shipped,Main,DTDC,2026-10-12 23:00:00,B-03,LBL-ORD0187,2026-10-11 01:00:00,2026-10-11 07:00:00,AWB202610000187
ORD0188,2026-10-11 01:00:00,Normal,Shipped,Main,Delhivery,2026-10-13 01:00:00,B-04,LBL-ORD0188,2026-10-11 03:00:00,2026-10-11 09:00:00,AWB202610000188
ORD0189,2026-10-11 03:00:00,Normal,Shipped,Main,Blue Dart,2026-10-13 03:00:00,B-05,LBL-ORD0189,2026-10-11 05:00:00,2026-10-11 11:00:00,AWB202610000189
ORD0190,2026-10-11 05:00:00,High,Shipped,Main,DTDC,2026-10-12 05:00:00,B-06,LBL-ORD0190,2026-10-11 07:00:00,2026-10-11 13:00:00,AWB202610000190
ORD0191,2026-10-11 07:00:00,High,Shipped,Main,Blue Dart,2026-10-12 07:00:00,B-07,LBL-ORD0191,2026-10-11 09:00:00,2026-10-11 15:00:00,AWB202610000191
ORD0192,2026-10-11 09:00:00,High,Shipped,Main,DTDC,2026-10-12 09:00:00,B-08,LBL-ORD0192,2026-10-11 11:00:00,2026-10-11 17:00:00,AWB202610000192
ORD0193,2026-10-11 11:00:00,Normal,Shipped,Main,Blue Dart,2026-10-13 11:00:00,A-01,LBL-ORD0193,2026-10-11 13:00:00,2026-10-11 19:00:00,AWB202610000193
ORD0194,2026-10-11 13:00:00,Normal,Shipped,Main,Delhivery,2026-10-13 13:00:00,A-02,LBL-ORD0194,2026-10-11 15:00:00,2026-10-11 21:00:00,AWB202610000194
ORD0195,2026-10-11 15:00:00,High,Shipped,Main,Ecom Express,2026-10-12 15:00:00,A-03,LBL-ORD0195,2026-10-11 17:00:00,2026-10-11 23:00:00,AWB202610000195
ORD0196,2026-10-11 17:00:00,Normal,Shipped,Main,Delhivery,2026-10-13 17:00:00,A-04,LBL-ORD0196,2026-10-11 19:00:00,2026-10-12 01:00:00,AWB202610000196
ORD0197,2026-10-11 19:00:00,Normal,Shipped,Main,Ecom Express,2026-10-13 19:00:00,A-05,LBL-ORD0197,2026-10-11 21:00:00,2026-10-12 03:00:00,AWB202610000197
ORD0198,2026-10-11 21:00:00,Normal,Shipped,Main,Blue Dart,2026-10-13 21:00:00,A-06,LBL-ORD0198,2026-10-11 23:00:00,2026-10-12 05:00:00,AWB202610000198
ORD0199,2026-10-11 23:00:00,Normal,Shipped,Main,DTDC,2026-10-13 23:00:00,A-07,LBL-ORD0199,2026-10-12 01:00:00,2026-10-12 07:00:00,AWB202610000199
ORD0200,2026-10-12 01:00:00,Normal,Shipped,Main,Delhivery,2026-10-14 01:00:00,A-08,LBL-ORD0200,2026-10-12 03:00:00,2026-10-12 09:00:00,AWB202610000200
ORD0201,2026-10-12 03:00:00,Normal,Shipped,Main,Ecom Express,2026-10-14 03:00:00,B-01,LBL-ORD0201,2026-10-12 05:00:00,2026-10-12 11:00:00,AWB202610000201
ORD0202,2026-10-12 05:00:00,High,Shipped,Main,Delhivery,2026-10-13 05:00:00,B-02,LBL-ORD0202,2026-10-12 07:00:00,2026-10-12 13:00:00,AWB202610000202
ORD0203,2026-10-12 07:00:00,High,Shipped,Main,Ecom Express,2026-10-13 07:00:00,B-03,LBL-ORD0203,2026-10-12 09:00:00,2026-10-12 15:00:00,AWB202610000203
ORD0204,2026-10-12 09:00:00,Normal,Shipped,Main,Delhivery,2026-10-14 09:00:00,B-04,LBL-ORD0204,2026-10-12 11:00:00,2026-10-12 17:00:00,AWB202610000204
ORD0205,2026-10-12 11:00:00,High,Shipped,Main,Ecom Express,2026-10-13 11:00:00,B-05,LBL-ORD0205,2026-10-12 13:00:00,2026-10-12 19:00:00,AWB202610000205
ORD0206,2026-10-12 13:00:00,Normal,Shipped,Main,Ecom Express,2026-10-14 13:00:00,B-06,LBL-ORD0206,2026-10-12 15:00:00,2026-10-12 21:00:00,AWB202610000206
ORD0207,2026-10-12 15:00:00,Normal,Shipped,Main,Blue Dart,2026-10-14 15:00:00,B-07,LBL-ORD0207,2026-10-12 17:00:00,2026-10-12 23:00:00,AWB202610000207
ORD0208,2026-10-12 17:00:00,Normal,Shipped,Main,Ecom Express,2026-10-14 17:00:00,B-08,LBL-ORD0208,2026-10-12 19:00:00,2026-10-13 01:00:00,AWB202610000208
ORD0209,2026-10-12 19:00:00,Normal,Shipped,Main,Blue Dart,2026-10-14 19:00:00,A-01,LBL-ORD0209,2026-10-12 21:00:00,2026-10-13 03:00:00,AWB202610000209
ORD0210,2026-10-12 21:00:00,Normal,Shipped,Main,Ecom Express,2026-10-14 21:00:00,A-02,LBL-ORD0210,2026-10-12 23:00:00,2026-10-13 05:00:00,AWB202610000210
ORD0211,2026-10-12 23:00:00,Normal,Shipped,Main,DTDC,2026-10-14 23:00:00,A-03,LBL-ORD0211,2026-10-13 01:00:00,2026-10-13 07:00:00,AWB202610000211
ORD0212,2026-10-13 01:00:00,Normal,Shipped,Main,DTDC,2026-10-15 01:00:00,A-04,LBL-ORD0212,2026-10-13 03:00:00,2026-10-13 09:00:00,AWB202610000212
ORD0213,2026-10-13 03:00:00,Normal,Shipped,Main,DTDC,2026-10-15 03:00:00,A-05,LBL-ORD0213,2026-10-13 05:00:00,2026-10-13 11:00:00,AWB202610000213
ORD0214,2026-10-13 05:00:00,High,Shipped,Main,Ecom Express,2026-10-14 05:00:00,A-06,LBL-ORD0214,2026-10-13 07:00:00,2026-10-13 13:00:00,AWB202610000214
ORD0215,2026-10-13 07:00:00,High,Shipped,Main,Blue Dart,2026-10-14 07:00:00,A-07,LBL-ORD0215,2026-10-13 09:00:00,2026-10-13 15:00:00,AWB202610000215
ORD0216,2026-10-13 09:00:00,Normal,Shipped,Main,Blue Dart,2026-10-15 09:00:00,A-08,LBL-ORD0216,2026-10-13 11:00:00,2026-10-13 17:00:00,AWB202610000216
ORD0217,2026-10-13 11:00:00,High,Shipped,Main,Ecom Express,2026-10-14 11:00:00,B-01,LBL-ORD0217,2026-10-13 13:00:00,2026-10-13 19:00:00,AWB202610000217
ORD0218,2026-10-13 13:00:00,High,Shipped,Main,DTDC,2026-10-14 13:00:00,B-02,LBL-ORD0218,2026-10-13 15:00:00,2026-10-13 21:00:00,AWB202610000218
ORD0219,2026-10-13 15:00:00,Normal,Shipped,Main,DTDC,2026-10-15 15:00:00,B-03,LBL-ORD0219,2026-10-13 17:00:00,2026-10-13 23:00:00,AWB202610000219
ORD0220,2026-10-13 17:00:00,Normal,Shipped,Main,Blue Dart,2026-10-15 17:00:00,B-04,LBL-ORD0220,2026-10-13 19:00:00,2026-10-14 01:00:00,AWB202610000220
ORD0221,2026-10-13 19:00:00,Normal,Shipped,Main,DTDC,2026-10-15 19:00:00,B-05,LBL-ORD0221,2026-10-13 21:00:00,2026-10-14 03:00:00,AWB202610000221
ORD0222,2026-10-13 21:00:00,Normal,Shipped,Main,Delhivery,2026-10-15 21:00:00,B-06,LBL-ORD0222,2026-10-13 23:00:00,2026-10-14 05:00:00,AWB202610000222
ORD0223,2026-10-13 23:00:00,Normal,Shipped,Main,Blue Dart,2026-10-15 23:00:00,B-07,LBL-ORD0223,2026-10-14 01:00:00,2026-10-14 07:00:00,AWB202610000223
ORD0224,2026-10-14 01:00:00,Normal,Shipped,Main,DTDC,2026-10-16 01:00:00,B-08,LBL-ORD0224,2026-10-14 03:00:00,2026-10-14 09:00:00,AWB202610000224
ORD0225,2026-10-14 03:00:00,High,Shipped,Main,Blue Dart,2026-10-15 03:00:00,A-01,LBL-ORD0225,2026-10-14 05:00:00,2026-10-14 11:00:00,AWB202610000225
ORD0226,2026-10-14 05:00:00,Normal,Shipped,Main,Delhivery,2026-10-16 05:00:00,A-02,LBL-ORD0226,2026-10-14 07:00:00,2026-10-14 13:00:00,AWB202610000226
ORD0227,2026-10-14 07:00:00,Normal,Shipped,Main,Blue Dart,2026-10-16 07:00:00,A-03,LBL-ORD0227,2026-10-14 09:00:00,2026-10-14 15:00:00,AWB202610000227
ORD0228,2026-10-14 09:00:00,High,Shipped,Main,Blue Dart,2026-10-15 09:00:00,A-04,LBL-ORD0228,2026-10-14 11:00:00,2026-10-14 17:00:00,AWB202610000228
ORD0229,2026-10-14 11:00:00,High,Shipped,Main,Blue Dart,2026-10-15 11:00:00,A-05,LBL-ORD0229,2026-10-14 13:00:00,2026-10-14 19:00:00,AWB202610000229
ORD0230,2026-10-14 13:00:00,Normal,Shipped,Main,Blue Dart,2026-10-16 13:00:00,A-06,LBL-ORD0230,2026-10-14 15:00:00,2026-10-14 21:00:00,AWB202610000230
ORD0231,2026-10-14 15:00:00,Normal,Shipped,Main,Delhivery,2026-10-16 15:00:00,A-07,LBL-ORD0231,2026-10-14 17:00:00,2026-10-14 23:00:00,AWB202610000231
ORD0232,2026-10-14 17:00:00,Normal,Shipped,Main,Ecom Express,2026-10-16 17:00:00,A-08,LBL-ORD0232,2026-10-14 19:00:00,2026-10-15 01:00:00,AWB202610000232
ORD0233,2026-10-14 19:00:00,Normal,Shipped,Main,Blue Dart,2026-10-16 19:00:00,B-01,LBL-ORD0233,2026-10-14 21:00:00,2026-10-15 03:00:00,AWB202610000233
ORD0234,2026-10-14 21:00:00,Normal,Shipped,Main,Blue Dart,2026-10-16 21:00:00,B-02,LBL-ORD0234,2026-10-14 23:00:00,2026-10-15 05:00:00,AWB202610000234
ORD0235,2026-10-14 23:00:00,Normal,Shipped,Main,DTDC,2026-10-16 23:00:00,B-03,LBL-ORD0235,2026-10-15 01:00:00,2026-10-15 07:00:00,AWB202610000235
ORD0236,2026-10-15 01:00:00,Normal,Shipped,Main,Blue Dart,2026-10-17 01:00:00,B-04,LBL-ORD0236,2026-10-15 03:00:00,2026-10-15 09:00:00,AWB202610000236
ORD0237,2026-10-15 03:00:00,Normal,Shipped,Main,DTDC,2026-10-17 03:00:00,B-05,LBL-ORD0237,2026-10-15 05:00:00,2026-10-15 11:00:00,AWB202610000237
ORD0238,2026-10-15 05:00:00,Normal,Shipped,Main,Ecom Express,2026-10-17 05:00:00,B-06,LBL-ORD0238,2026-10-15 07:00:00,2026-10-15 13:00:00,AWB202610000238
ORD0239,2026-10-15 07:00:00,Normal,Shipped,Main,Delhivery,2026-10-17 07:00:00,B-07,LBL-ORD0239,2026-10-15 09:00:00,2026-10-15 15:00:00,AWB202610000239
ORD0240,2026-10-15 09:00:00,Normal,Shipped,Main,Delhivery,2026-10-17 09:00:00,B-08,LBL-ORD0240,2026-10-15 11:00:00,2026-10-15 17:00:00,AWB202610000240
ORD0241,2026-10-15 11:00:00,Normal,Shipped,Main,Ecom Express,2026-10-17 11:00:00,A-01,LBL-ORD0241,2026-10-15 13:00:00,2026-10-15 19:00:00,AWB202610000241
ORD0242,2026-10-15 13:00:00,Normal,Shipped,Main,Delhivery,2026-10-17 13:00:00,A-02,LBL-ORD0242,2026-10-15 15:00:00,2026-10-15 21:00:00,AWB202610000242
ORD0243,2026-10-15 15:00:00,High,Shipped,Main,Ecom Express,2026-10-16 15:00:00,A-03,LBL-ORD0243,2026-10-15 17:00:00,2026-10-15 23:00:00,AWB202610000243
ORD0244,2026-10-15 17:00:00,Normal,Shipped,Main,Ecom Express,2026-10-17 17:00:00,A-04,LBL-ORD0244,2026-10-15 19:00:00,2026-10-16 01:00:00,AWB202610000244
ORD0245,2026-10-15 19:00:00,Normal,Shipped,Main,Ecom Express,2026-10-17 19:00:00,A-05,LBL-ORD0245,2026-10-15 21:00:00,2026-10-16 03:00:00,AWB202610000245
ORD0246,2026-10-15 21:00:00,Normal,Shipped,Main,Delhivery,2026-10-17 21:00:00,A-06,LBL-ORD0246,2026-10-15 23:00:00,2026-10-16 05:00:00,AWB202610000246
ORD0247,2026-10-15 23:00:00,High,Shipped,Main,DTDC,2026-10-16 23:00:00,A-07,LBL-ORD0247,2026-10-16 01:00:00,2026-10-16 07:00:00,AWB202610000247
ORD0248,2026-10-16 01:00:00,Normal,Shipped,Main,Ecom Express,2026-10-18 01:00:00,A-08,LBL-ORD0248,2026-10-16 03:00:00,2026-10-16 09:00:00,AWB202610000248
ORD0249,2026-10-16 03:00:00,Normal,Shipped,Main,Blue Dart,2026-10-18 03:00:00,B-01,LBL-ORD0249,2026-10-16 05:00:00,2026-10-16 11:00:00,AWB202610000249
ORD0250,2026-10-16 05:00:00,Normal,Shipped,Main,Delhivery,2026-10-18 05:00:00,B-02,LBL-ORD0250,2026-10-16 07:00:00,2026-10-16 13:00:00,AWB202610000250
