sku,product_name,category,variant,unit_price
SKU001,Wireless Mouse,Accessories,Black,799
SKU002,USB Keyboard,Accessories,Black,999
SKU003,Laptop Stand,Accessories,Silver,1499
SKU004,Bluetooth Speaker,Audio,Black,2499
SKU005,Power Bank,Mobile Accessories,Blue,1299
SKU006,USB-C Hub,Computer Accessories,Grey,1799
SKU007,Webcam,Computer Accessories,Black,2199
SKU008,Headphones,Audio,Black,2999
SKU009,Phone Holder,Mobile Accessories,Black,599
SKU010,Mechanical Keyboard,Accessories,White,3499
